admin-panel.dev.us-west2.twitch.tv,none,[CloudFlare is off]
affiliate.twitch.tv,13.32.240.8,[CloudFlare is off]
angelos02.dev.release.twitch.tv,35.156.107.240,[CloudFlare is off]
api.chat.twitch.tv,44.241.156.95,[CloudFlare is off]
api.globetrotter.external.twitch.tv,13.227.219.86,[CloudFlare is off]
api.twitch.tv,151.101.38.214,[CloudFlare is off]
api.us-east-1.twitch.tv,none,[CloudFlare is off]
api.us-west-2.internal.twitch.tv,none,[CloudFlare is off]
api2.twitch.tv,none,[CloudFlare is off]
api-a.chat.twitch.tv,44.241.156.95,[CloudFlare is off]
api-adg.prod.us-west2.twitch.tv,none,[CloudFlare is off]
api-akamai.twitch.tv,184.30.212.23,[CloudFlare is off]
api-anycast.twitch.tv,192.16.67.6,[CloudFlare is off]
api-origin.twitch.tv,none,[CloudFlare is off]
api-twitch-tv.web-cdn.twitch.tv,none,[CloudFlare is off]
app.twitch.tv,151.101.2.167,[CloudFlare is off]
ap-southeast-1.uploads-regional.twitch.tv,none,[CloudFlare is off]
ar.twitch.tv,151.101.14.167,[CloudFlare is off]
arn01.hls.twitch.tv,none,[CloudFlare is off]
as.ocscwa.rc.twitch.tv,52.59.83.166,[CloudFlare is off]
assets.help.twitch.tv,13.227.219.64,[CloudFlare is off]
badges.production.us-west2.twitch.tv,52.10.141.129,[CloudFlare is off]
badges.twitch.tv,35.164.112.74,[CloudFlare is off]
beefcake.dev.us-west2.twitch.tv,none,[CloudFlare is off]
beefcake.prod.us-west2.twitch.tv,none,[CloudFlare is off]
beta.twitch.tv,none,[CloudFlare is off]
betaapi.twitch.tv,none,[CloudFlare is off]
beta-origin.twitch.tv,10.1.66.31,[CloudFlare is off]
bg.twitch.tv,151.101.38.167,[CloudFlare is off]
bits.twitch.tv,13.227.219.7,[CloudFlare is off]
blog.twitch.tv,13.32.240.128,[CloudFlare is off]
blueprint.sci.twitch.tv,none,[CloudFlare is off]
blueprint.twitch.tv,none,[CloudFlare is off]
brand.twitch.tv,13.227.219.35,[CloudFlare is off]
ca.twitch.tv,151.101.38.167,[CloudFlare is off]
canary-extensions.sings.twitch.tv,34.208.208.158,[CloudFlare is off]
canary-extensions-worker.sings.twitch.tv,35.161.14.195,[CloudFlare is off]
canaryplayer.twitch.tv,13.227.219.18,[CloudFlare is off]
cargo.twitch.tv,none,[CloudFlare is off]
cartman.internal.us-west-2.twitch.tv,10.201.150.127,[CloudFlare is off]
cartman.prod.internal.us-west-2.twitch.tv,10.201.150.127,[CloudFlare is off]
cartman.staging.internal.us-west-2.twitch.tv,10.201.154.209,[CloudFlare is off]
catalog.sings.twitch.tv,3.131.209.121,[CloudFlare is off]
ccu.event-engineering.twitch.tv,13.227.219.14,[CloudFlare is off]
cdn.m7g.twitch.tv,151.101.14.208,[CloudFlare is off]
chat.twitch.tv,none,[CloudFlare is off]
chatdepot.twitch.tv,52.32.83.8,[CloudFlare is off]
chat-emotes.twitch.tv,none,[CloudFlare is off]
cis.blog.twitch.tv,13.32.240.94,[CloudFlare is off]
click.marketing.twitch.tv,13.111.136.99,[CloudFlare is off]
click.sfmarketing.twitch.tv,13.111.18.12,[CloudFlare is off]
click.twitch.tv,54.191.246.254,[CloudFlare is off]
click-staging.twitch.tv,none,[CloudFlare is off]
client-event-reporter.twitch.tv,none,[CloudFlare is off]
client-event-reporter-darklaunch.twitch.tv,none,[CloudFlare is off]
clipmn.twitch.tv,13.32.240.114,[CloudFlare is off]
clips.twitch.tv,151.101.14.167,[CloudFlare is off]
clips-beta.twitch.tv,151.101.14.167,[CloudFlare is off]
clips-beta-internal.twitch.tv,10.202.159.139,[CloudFlare is off]
clips-canary.twitch.tv,54.149.168.201,[CloudFlare is off]
clips-media-assets.twitch.tv,none,[CloudFlare is off]
clips-media-assets2.twitch.tv,13.227.219.107,[CloudFlare is off]
clips-media-assets-akamai.twitch.tv,none,[CloudFlare is off]
clock.event-engineering.twitch.tv,13.227.219.50,[CloudFlare is off]
cloud.marketing.twitch.tv,13.111.132.191,[CloudFlare is off]
connections.dev.internal.us-west-2.twitch.tv,10.203.85.62,[CloudFlare is off]
connections.internal.twitch.tv,10.203.89.105,[CloudFlare is off]
connections.prod.internal.us-west-2.twitch.tv,10.203.88.72,[CloudFlare is off]
connections.staging.internal.us-west-2.twitch.tv,10.203.86.219,[CloudFlare is off]
connections-staging.internal.twitch.tv,10.203.86.219,[CloudFlare is off]
costream.twitch.tv,13.227.219.62,[CloudFlare is off]
countess.production.us-west2.twitch.tv,none,[CloudFlare is off]
countess.twitch.tv,35.166.39.219,[CloudFlare is off]
countess-public.prod.us-west2.twitch.tv,none,[CloudFlare is off]
cp2.rc.twitch.tv,18.157.119.1,[CloudFlare is off]
creative.twitch.tv,none,[CloudFlare is off]
cs.twitch.tv,151.101.14.167,[CloudFlare is off]
ct27.dev.rc.twitch.tv,52.59.83.166,[CloudFlare is off]
cvp.twitch.tv,184.30.212.23,[CloudFlare is off]
cvp-dev-qa.twitch.tv,none,[CloudFlare is off]
da.twitch.tv,151.101.38.167,[CloudFlare is off]
darklaunch.tmi.twitch.tv,none,[CloudFlare is off]
dartui.prod.us-west2.twitch.tv,none,[CloudFlare is off]
dartui.stage.us-west2.twitch.tv,none,[CloudFlare is off]
dashboard.twitch.tv,151.101.38.167,[CloudFlare is off]
de.blog.twitch.tv,13.32.240.32,[CloudFlare is off]
de.twitch.tv,151.101.38.167,[CloudFlare is off]
deskmigration.twitch.tv,184.86.251.12,[CloudFlare is off]
dev.mobile.rc.twitch.tv,35.156.107.240,[CloudFlare is off]
dev.rc.twitch.tv,52.59.83.166,[CloudFlare is off]
dev.release.twitch.tv,18.157.119.1,[CloudFlare is off]
dev.twitch.tv,13.227.216.69,[CloudFlare is off]
devbeta.twitch.tv,none,[CloudFlare is off]
dev-extensions.sings.twitch.tv,34.213.124.38,[CloudFlare is off]
dev-extensions-worker.sings.twitch.tv,35.164.80.233,[CloudFlare is off]
deviceidshare.twitch.tv,13.32.240.50,[CloudFlare is off]
devportal.twitch.tv,none,[CloudFlare is off]
devstatus.twitch.tv,52.215.192.131,[CloudFlare is off]
dfp-creative-service.twitch.tv,13.227.219.56,[CloudFlare is off]
discourse.design.twitch.tv,72.52.80.15,[CloudFlare is off]
discuss.dev.twitch.tv,52.39.89.40,[CloudFlare is off]
dmca.twitch.tv,52.24.28.52,[CloudFlare is off]
download.twitch.tv,none,[CloudFlare is off]
download-staging.sings.twitch.tv,13.227.219.85,[CloudFlare is off]
e3.event-engineering.twitch.tv,none,[CloudFlare is off]
ecs.staging.helix-origin.twitch.tv,54.200.147.52,[CloudFlare is off]
el.twitch.tv,151.101.14.167,[CloudFlare is off]
elb.live-secure-log.rc.twitch.tv,18.157.119.1,[CloudFlare is off]
embed.twitch.tv,151.101.38.167,[CloudFlare is off]
ember.curse.twitch.tv,none,[CloudFlare is off]
emoticons.twitch.tv,none,[CloudFlare is off]
en.twitch.tv,151.101.14.167,[CloudFlare is off]
en-ca.twitch.tv,151.101.38.167,[CloudFlare is off]
en-gb.twitch.tv,151.101.38.167,[CloudFlare is off]
engineering.dx4hate1ss.release.twitch.tv,18.157.119.1,[CloudFlare is off]
engineering.twitch.tv,13.227.219.52,[CloudFlare is off]
es.blog.twitch.tv,13.32.240.128,[CloudFlare is off]
es.twitch.tv,151.101.14.167,[CloudFlare is off]
es-es.twitch.tv,151.101.14.167,[CloudFlare is off]
esports.twitch.tv,151.101.14.167,[CloudFlare is off]
event.tmi.twitch.tv,none,[CloudFlare is off]
event-panel.event-engineering.twitch.tv,13.227.219.127,[CloudFlare is off]
event-ws.tmi.twitch.tv,none,[CloudFlare is off]
exed.rc.twitch.tv,35.156.107.240,[CloudFlare is off]
expoui.stage.us-west2.twitch.tv,none,[CloudFlare is off]
extension-files.twitch.tv,13.32.240.78,[CloudFlare is off]
extensions.sings.twitch.tv,35.160.33.231,[CloudFlare is off]
extensions-discovery-images.twitch.tv,13.32.240.30,[CloudFlare is off]
extensions-discovery-images-staging.twitch.tv,13.227.219.13,[CloudFlare is off]
extensions-worker.sings.twitch.tv,54.191.13.210,[CloudFlare is off]
external-nginx.prod.us-west2.twitch.tv,none,[CloudFlare is off]
external-nginx-api.prod.us-west2.twitch.tv,none,[CloudFlare is off]
fan.twitch.tv,199.9.250.231,[CloudFlare is off]
fi.twitch.tv,151.101.14.167,[CloudFlare is off]
fidget.twitch.tv,none,[CloudFlare is off]
fr.blog.twitch.tv,13.32.240.74,[CloudFlare is off]
fr.twitch.tv,151.101.14.167,[CloudFlare is off]
fr-ca.twitch.tv,151.101.38.167,[CloudFlare is off]
gap-v4-bbr.event-engineering.twitch.tv,13.235.250.200,[CloudFlare is off]
gap-v4-cubic.event-engineering.twitch.tv,3.6.55.69,[CloudFlare is off]
gap-v6-bbr.event-engineering.twitch.tv,none,[CloudFlare is off]
gap-v6-cubic.event-engineering.twitch.tv,none,[CloudFlare is off]
gds-vhs-drops-campaign-images.twitch.tv,13.32.240.43,[CloudFlare is off]
germany-tpe.oct.rc.twitch.tv,35.156.107.240,[CloudFlare is off]
germany-tpe.rc.twitch.tv,18.157.119.1,[CloudFlare is off]
glass.twitch.tv,151.101.14.167,[CloudFlare is off]
go.twitch.tv,151.101.130.167,[CloudFlare is off]
gql.twitch.tv,151.101.14.167,[CloudFlare is off]
gql-origin.twitch.tv,54.245.93.36,[CloudFlare is off]
graphql.canary.us-west2.twitch.tv,none,[CloudFlare is off]
graphql.prod.us-west2.twitch.tv,none,[CloudFlare is off]
graphql.staging.us-west2.twitch.tv,none,[CloudFlare is off]
group.tmi.twitch.tv,none,[CloudFlare is off]
group-ws.tmi.twitch.tv,none,[CloudFlare is off]
guardian.dev.us-west2.twitch.tv,none,[CloudFlare is off]
guardian.prod.us-west2.twitch.tv,none,[CloudFlare is off]
he.twitch.tv,151.101.38.167,[CloudFlare is off]
help.twitch.tv,184.86.251.16,[CloudFlare is off]
history.prod.us-west2.twitch.tv,none,[CloudFlare is off]
history.staging.us-west2.twitch.tv,none,[CloudFlare is off]
hls.twitch.tv,none,[CloudFlare is off]
hu.twitch.tv,151.101.14.167,[CloudFlare is off]
i18n.m7g.twitch.tv,3.230.235.205,[CloudFlare is off]
ica.rc.twitch.tv,52.59.83.166,[CloudFlare is off]
id.twitch.tv,34.211.4.151,[CloudFlare is off]
id-canary.twitch.tv,44.241.9.74,[CloudFlare is off]
id-cdn.twitch.tv,13.32.240.77,[CloudFlare is off]
id-dev.twitch.tv,10.201.199.61,[CloudFlare is off]
identiportal.internal.twitch.tv,10.201.189.41,[CloudFlare is off]
identiportal-staging.internal.twitch.tv,10.201.188.94,[CloudFlare is off]
if.rc.twitch.tv,35.156.107.240,[CloudFlare is off]
im.twitch.tv,34.214.134.54,[CloudFlare is off]
image.marketing.twitch.tv,184.31.87.102,[CloudFlare is off]
image.sfmarketing.twitch.tv,23.213.161.82,[CloudFlare is off]
im-darklaunch.twitch.tv,none,[CloudFlare is off]
im-store.production.us-west2.twitch.tv,none,[CloudFlare is off]
ingest.roundtrip.twitch.tv,none,[CloudFlare is off]
ingest.twitch.tv,192.108.239.253,[CloudFlare is off]
inspector.twitch.tv,52.11.152.95,[CloudFlare is off]
internal.passport.twitch.tv,10.192.193.23,[CloudFlare is off]
invite.twitch.tv,none,[CloudFlare is off]
irc.chat.twitch.tv,44.226.36.141,[CloudFlare is off]
irc.darklaunch.us-west2.twitch.tv,none,[CloudFlare is off]
irc.twitch.tv,100.20.159.232,[CloudFlare is off]
irc-ws.chat.twitch.tv,44.236.116.98,[CloudFlare is off]
irc-ws.darklaunch.us-west2.twitch.tv,none,[CloudFlare is off]
irc-ws-darklaunch.chat.twitch.tv,none,[CloudFlare is off]
irc-ws-edge.chat.twitch.tv,none,[CloudFlare is off]
irc-ws-ga.chat.twitch.tv,75.2.92.186,[CloudFlare is off]
irc-ws-r.chat.twitch.tv,52.88.71.74,[CloudFlare is off]
it.blog.twitch.tv,13.32.240.94,[CloudFlare is off]
it.twitch.tv,151.101.14.167,[CloudFlare is off]
ja.twitch.tv,151.101.38.167,[CloudFlare is off]
jobs.twitch.tv,13.227.219.18,[CloudFlare is off]
join.twitch.tv,none,[CloudFlare is off]
jp.blog.twitch.tv,13.32.240.74,[CloudFlare is off]
ko.twitch.tv,151.101.14.167,[CloudFlare is off]
kr.blog.twitch.tv,13.32.240.94,[CloudFlare is off]
launcher.twitch.tv,none,[CloudFlare is off]
leviathan.moderation.twitch.tv,none,[CloudFlare is off]
lhr.go.twitch.tv,18.132.134.164,[CloudFlare is off]
link.twitch.tv,67.199.248.13,[CloudFlare is off]
lion.rc.twitch.tv,52.59.83.166,[CloudFlare is off]
live.twitch.tv,52.223.200.76,[CloudFlare is off]
live.video.twitch.tv,52.223.200.53,[CloudFlare is off]
live1.sfo01.hls.twitch.tv,none,[CloudFlare is off]
live11.sfo01.hls.twitch.tv,none,[CloudFlare is off]
live12.sfo01.hls.twitch.tv,none,[CloudFlare is off]
live13.sfo01.hls.twitch.tv,none,[CloudFlare is off]
live15.sfo01.hls.twitch.tv,none,[CloudFlare is off]
live17.sfo01.hls.twitch.tv,none,[CloudFlare is off]
live18.sfo01.hls.twitch.tv,none,[CloudFlare is off]
live2.sfo01.hls.twitch.tv,none,[CloudFlare is off]
live20.sfo01.hls.twitch.tv,none,[CloudFlare is off]
live25.sfo01.hls.twitch.tv,none,[CloudFlare is off]
live3.sfo01.hls.twitch.tv,none,[CloudFlare is off]
live4.sfo01.hls.twitch.tv,none,[CloudFlare is off]
live5.sfo01.hls.twitch.tv,none,[CloudFlare is off]
live6.sfo01.hls.twitch.tv,none,[CloudFlare is off]
live7.sfo01.hls.twitch.tv,none,[CloudFlare is off]
live8.sfo01.hls.twitch.tv,none,[CloudFlare is off]
live-ams.twitch.tv,185.42.204.80,[CloudFlare is off]
live-arn.twitch.tv,185.42.204.190,[CloudFlare is off]
live-atl.twitch.tv,52.223.246.120,[CloudFlare is off]
live-ber.twitch.tv,52.223.199.68,[CloudFlare is off]
live-beta.video.twitch.tv,52.223.200.53,[CloudFlare is off]
live-bkk.twitch.tv,99.181.88.30,[CloudFlare is off]
live-cdg.twitch.tv,52.223.195.146,[CloudFlare is off]
live-cph.twitch.tv,99.181.66.197,[CloudFlare is off]
live-den.twitch.tv,52.223.245.247,[CloudFlare is off]
live-dfw.twitch.tv,52.223.244.199,[CloudFlare is off]
live-eze.twitch.tv,52.223.208.185,[CloudFlare is off]
live-fra.twitch.tv,185.42.204.250,[CloudFlare is off]
live-fra02.twitch.tv,185.42.205.185,[CloudFlare is off]
live-gig.twitch.tv,52.223.208.66,[CloudFlare is off]
live-gru.twitch.tv,52.223.209.244,[CloudFlare is off]
live-hel.twitch.tv,99.181.64.70,[CloudFlare is off]
live-hkg.twitch.tv,45.113.128.181,[CloudFlare is off]
live-hkg-2.twitch.tv,188.172.211.5,[CloudFlare is off]
live-hou.twitch.tv,52.223.225.24,[CloudFlare is off]
live-iad.twitch.tv,52.223.224.181,[CloudFlare is off]
live-iad05.twitch.tv,99.181.97.179,[CloudFlare is off]
live-jfk.twitch.tv,52.223.227.148,[CloudFlare is off]
live-lax.twitch.tv,52.223.247.75,[CloudFlare is off]
live-lhr.twitch.tv,185.42.206.118,[CloudFlare is off]
live-lhr03.twitch.tv,185.42.206.212,[CloudFlare is off]
live-lim.twitch.tv,52.223.208.66,[CloudFlare is off]
live-lis.twitch.tv,52.223.197.250,[CloudFlare is off]
live-mad.twitch.tv,52.223.197.31,[CloudFlare is off]
live-mde.twitch.tv,52.223.208.35,[CloudFlare is off]
live-mia.twitch.tv,192.16.65.166,[CloudFlare is off]
live-mil.twitch.tv,52.223.199.249,[CloudFlare is off]
live-mrs.twitch.tv,185.42.207.126,[CloudFlare is off]
live-ord.twitch.tv,52.223.226.254,[CloudFlare is off]
live-ord02.twitch.tv,52.223.226.176,[CloudFlare is off]
live-osl.twitch.tv,52.223.200.200,[CloudFlare is off]
live-prg.twitch.tv,52.223.200.76,[CloudFlare is off]
live-qro.twitch.tv,52.223.229.82,[CloudFlare is off]
live-rio.twitch.tv,52.223.208.176,[CloudFlare is off]
live-sao.twitch.tv,52.223.209.177,[CloudFlare is off]
live-scl.twitch.tv,52.223.209.22,[CloudFlare is off]
live-sea.twitch.tv,52.223.228.48,[CloudFlare is off]
live-sel.twitch.tv,45.113.128.225,[CloudFlare is off]
live-sel-2.twitch.tv,188.172.210.5,[CloudFlare is off]
live-sfo.twitch.tv,99.181.96.184,[CloudFlare is off]
live-sin.twitch.tv,45.113.129.113,[CloudFlare is off]
live-sjc.twitch.tv,99.181.96.114,[CloudFlare is off]
live-sjc05.twitch.tv,99.181.96.157,[CloudFlare is off]
live-slc.twitch.tv,52.223.226.42,[CloudFlare is off]
live-syd.twitch.tv,103.53.48.59,[CloudFlare is off]
live-tpe.twitch.tv,45.113.129.207,[CloudFlare is off]
Live-tpe01.Twitch.TV,45.113.129.206,[CloudFlare is off]
live-tyo.twitch.tv,45.113.128.19,[CloudFlare is off]
live-tyo-2.twitch.tv,188.172.202.5,[CloudFlare is off]
live-vie.twitch.tv,185.42.207.52,[CloudFlare is off]
live-waw.twitch.tv,185.42.206.37,[CloudFlare is off]
live-ymq.twitch.tv,52.223.225.70,[CloudFlare is off]
live-yto.twitch.tv,52.223.243.196,[CloudFlare is off]
lost.staging.m.twitch.tv,none,[CloudFlare is off]
lt.twitch.tv,151.101.14.167,[CloudFlare is off]
lv.twitch.tv,151.101.14.167,[CloudFlare is off]
m.angelos02.dev.release.twitch.tv,52.59.83.166,[CloudFlare is off]
m.twitch.tv,151.101.66.167,[CloudFlare is off]
ma.twitch.tv,151.101.38.167,[CloudFlare is off]
main.tmi.twitch.tv,none,[CloudFlare is off]
main-ws.tmi.twitch.tv,none,[CloudFlare is off]
marketing.twitch.tv,13.111.18.27,[CloudFlare is off]
media-cdn.twitch.tv,none,[CloudFlare is off]
meetups.twitch.tv,13.32.240.44,[CloudFlare is off]
metadata.twitch.tv,52.41.57.99,[CloudFlare is off]
mew.twitch.tv,13.227.219.59,[CloudFlare is off]
mi.twitch.tv,44.232.129.192,[CloudFlare is off]
minixperiment.twitch.tv,151.101.14.167,[CloudFlare is off]
mk.twitch.tv,151.101.14.167,[CloudFlare is off]
mobile.rc.twitch.tv,35.156.107.240,[CloudFlare is off]
mobile.twitch.tv,13.227.219.48,[CloudFlare is off]
mobile-sandbox.nov.rc.twitch.tv,52.59.83.166,[CloudFlare is off]
moonlight.twitch.tv,13.32.240.123,[CloudFlare is off]
mp.twitch.tv,none,[CloudFlare is off]
mr.twitch.tv,none,[CloudFlare is off]
music.twitch.tv,13.227.219.52,[CloudFlare is off]
nl.blog.twitch.tv,13.32.240.32,[CloudFlare is off]
nl.twitch.tv,151.101.14.167,[CloudFlare is off]
no.twitch.tv,151.101.14.167,[CloudFlare is off]
noc.twitch.tv,13.32.240.10,[CloudFlare is off]
ocscwa.rc.twitch.tv,18.157.119.1,[CloudFlare is off]
offline.twitch.tv,151.101.38.167,[CloudFlare is off]
origin-ffeadcbdbace.u.m.twitch.tv,none,[CloudFlare is off]
owl.canary.internal.us-west-2.twitch.tv,10.203.82.80,[CloudFlare is off]
owl.dev.internal.us-west-2.twitch.tv,none,[CloudFlare is off]
owl.internal.us-west-2.twitch.tv,none,[CloudFlare is off]
owl.prod.internal.us-west-2.twitch.tv,10.203.82.85,[CloudFlare is off]
owl.staging.internal.us-west-2.twitch.tv,10.203.77.29,[CloudFlare is off]
pages.marketing.twitch.tv,13.111.132.192,[CloudFlare is off]
panels-images.twitch.tv,13.227.219.70,[CloudFlare is off]
panels-images-prod.twitch.tv,none,[CloudFlare is off]
panels-images-staging.twitch.tv,13.32.240.67,[CloudFlare is off]
pantheonsingsbeta-intest.mobile.rc.twitch.tv,35.156.107.240,[CloudFlare is off]
passport.internal.twitch.tv,none,[CloudFlare is off]
passport.internal.us-west-2.twitch.tv,10.192.196.81,[CloudFlare is off]
passport.twitch.tv,18.236.16.63,[CloudFlare is off]
passport-external.aws.twitch.tv,none,[CloudFlare is off]
passport-internal.twitch.tv,none,[CloudFlare is off]
pl.blog.twitch.tv,13.32.240.94,[CloudFlare is off]
pl.twitch.tv,151.101.14.167,[CloudFlare is off]
player.twitch.tv,151.101.14.167,[CloudFlare is off]
player-akamai.twitch.tv,184.30.212.23,[CloudFlare is off]
player-cf.twitch.tv,13.227.198.131,[CloudFlare is off]
player-cloudfront.twitch.tv,13.227.198.131,[CloudFlare is off]
polls.twitch.tv,none,[CloudFlare is off]
pong.prod.us-west2.twitch.tv,none,[CloudFlare is off]
pong.twitch.tv,52.33.140.207,[CloudFlare is off]
pong-staging.twitch.tv,52.42.134.243,[CloudFlare is off]
presence.twitch.tv,none,[CloudFlare is off]
prodpreview-extensions.sings.twitch.tv,34.218.9.162,[CloudFlare is off]
prodpreview-extensions-worker.sings.twitch.tv,34.214.11.119,[CloudFlare is off]
production.helix-origin.twitch.tv,34.215.77.216,[CloudFlare is off]
production.stargate.edge.internal.twitch.tv,none,[CloudFlare is off]
prod-web-upload-service.prod.us-west2.twitch.tv,none,[CloudFlare is off]
pt.blog.twitch.tv,13.32.240.32,[CloudFlare is off]
pt.twitch.tv,151.101.14.167,[CloudFlare is off]
pt-br.twitch.tv,151.101.14.167,[CloudFlare is off]
public.staging.m.twitch.tv,none,[CloudFlare is off]
pubster.twitch.tv,none,[CloudFlare is off]
pubster-darklaunch.twitch.tv,none,[CloudFlare is off]
pubsub-edge.chat.twitch.tv,none,[CloudFlare is off]
pubsub-edge.twitch.tv,52.42.238.52,[CloudFlare is off]
pubsub-edge-darklaunch.twitch.tv,52.10.202.95,[CloudFlare is off]
rc.twitch.tv,18.157.119.1,[CloudFlare is off]
rechat.twitch.tv,none,[CloudFlare is off]
release.twitch.tv,18.157.119.1,[CloudFlare is off]
rivals.twitch.tv,13.32.240.73,[CloudFlare is off]
ro.twitch.tv,151.101.14.167,[CloudFlare is off]
roleshim.prod.twitch.tv,none,[CloudFlare is off]
roleshim.staging.twitch.tv,none,[CloudFlare is off]
royal.rc.twitch.tv,52.59.83.166,[CloudFlare is off]
rpg.twitch.tv,52.21.237.158,[CloudFlare is off]
rtmplive.twitch.tv,52.223.200.76,[CloudFlare is off]
ru.twitch.tv,151.101.14.167,[CloudFlare is off]
rv.twitch.tv,44.239.219.189,[CloudFlare is off]
rv-staging.twitch.tv,54.69.155.33,[CloudFlare is off]
safesync.rc.twitch.tv,52.59.83.166,[CloudFlare is off]
science.twitch.tv,13.227.219.32,[CloudFlare is off]
scoop.sci.twitch.tv,none,[CloudFlare is off]
scoop.twitch.tv,none,[CloudFlare is off]
se.blog.twitch.tv,13.32.240.128,[CloudFlare is off]
secure.cp2pass.rc.twitch.tv,52.59.83.166,[CloudFlare is off]
secure.twitch.tv,151.101.38.167,[CloudFlare is off]
secure-login.twitch.tv,none,[CloudFlare is off]
secureplayer.twitch.tv,13.227.198.131,[CloudFlare is off]
secure-promo.cp2.rc.twitch.tv,52.59.83.166,[CloudFlare is off]
servers.twitch.tv,none,[CloudFlare is off]
service.xd.rc.twitch.tv,35.156.107.240,[CloudFlare is off]
sfmarketing.twitch.tv,13.111.18.27,[CloudFlare is off]
sings.twitch.tv,13.227.219.18,[CloudFlare is off]
singsbeta.twitch.tv,13.227.219.18,[CloudFlare is off]
sings-download.twitch.tv,52.222.137.135,[CloudFlare is off]
sings-extension.twitch.tv,35.160.33.231,[CloudFlare is off]
sings-extension-ext23.twitch.tv,35.165.16.230,[CloudFlare is off]
sjc.go.twitch.tv,54.183.154.164,[CloudFlare is off]
sk.twitch.tv,151.101.14.167,[CloudFlare is off]
songlist.sings.twitch.tv,13.227.219.52,[CloudFlare is off]
spade.sci.twitch.tv,52.36.105.137,[CloudFlare is off]
spade.twitch.tv,52.32.146.62,[CloudFlare is off]
spectre.twitch.tv,199.9.255.157,[CloudFlare is off]
spotlight.twitch.tv,151.101.14.167,[CloudFlare is off]
sso.internal.twitch.tv,10.201.146.238,[CloudFlare is off]
stage-extensions.sings.twitch.tv,52.26.134.22,[CloudFlare is off]
stage-extensions-worker.sings.twitch.tv,54.149.71.206,[CloudFlare is off]
staging.helix-origin.twitch.tv,44.242.0.67,[CloudFlare is off]
staging.passport.twitch.tv,10.192.195.147,[CloudFlare is off]
staging.stargate.edge.internal.twitch.tv,none,[CloudFlare is off]
staging.twitch.tv,10.194.45.179,[CloudFlare is off]
staging-api-alb.dev.us-west2.twitch.tv,none,[CloudFlare is off]
staging-dev.twitch.tv,104.18.119.155,[CloudFlare is on]
staging-dev-marketing.twitch.tv,104.18.118.155,[CloudFlare is on]
staging-web-upload-service.staging.us-west2.twitch.tv,none,[CloudFlare is off]
stargate.edge.internal.twitch.tv,none,[CloudFlare is off]
stargate.staging.us-west2.twitch.tv,none,[CloudFlare is off]
stash.rc.twitch.tv,52.59.83.166,[CloudFlare is off]
static-cdn.twitch.tv,151.101.38.214,[CloudFlare is off]
static-cdn-jtvnw-net.web-cdn.twitch.tv,none,[CloudFlare is off]
status.twitch.tv,52.215.192.132,[CloudFlare is off]
stg.moonlight.twitch.tv,13.227.219.20,[CloudFlare is off]
store.twitch.tv,none,[CloudFlare is off]
stream.twitch.tv,13.32.240.112,[CloudFlare is off]
streamaid.twitch.tv,13.227.219.48,[CloudFlare is off]
streamon.twitch.tv,13.227.219.120,[CloudFlare is off]
streams.twitch.tv,none,[CloudFlare is off]
Subdomain,IP,CloudFlare
subs.twitch.tv,151.101.14.167,[CloudFlare is off]
support.dev.twitch.tv,184.86.251.19,[CloudFlare is off]
support.twitch.tv,none,[CloudFlare is off]
sv.twitch.tv,151.101.14.167,[CloudFlare is off]
swarm.sings.twitch.tv,44.241.119.101,[CloudFlare is off]
swarms.sings.twitch.tv,44.241.119.101,[CloudFlare is off]
tachyon-618ltf726387nm8o2xv8v5kwt436sljm.twitch.tv,151.101.14.167,[CloudFlare is off]
tc.m7g.twitch.tv,13.32.240.28,[CloudFlare is off]
telegraph.twitch.tv,none,[CloudFlare is off]
testplayer.twitch.tv,none,[CloudFlare is off]
th.blog.twitch.tv,13.32.240.128,[CloudFlare is off]
th.twitch.tv,151.101.14.167,[CloudFlare is off]
tl.twitch.tv,151.101.14.167,[CloudFlare is off]
tmi.twitch.tv,44.241.174.166,[CloudFlare is off]
tmi-groups.twitch.tv,none,[CloudFlare is off]
tr.blog.twitch.tv,13.32.240.94,[CloudFlare is off]
tr.twitch.tv,151.101.14.167,[CloudFlare is off]
trailer.rc.twitch.tv,52.59.83.166,[CloudFlare is off]
trowel.twitch.tv,54.191.31.253,[CloudFlare is off]
tv.twitch.tv,54.188.213.71,[CloudFlare is off]
tw.blog.twitch.tv,13.32.240.128,[CloudFlare is off]
twitchboard-prod.twitch.tv,104.18.116.155,[CloudFlare is on]
u.m.twitch.tv,none,[CloudFlare is off]
uploads.twitch.tv,54.186.149.133,[CloudFlare is off]
uploads-new.twitch.tv,none,[CloudFlare is off]
uploads-regional.twitch.tv,52.25.170.66,[CloudFlare is off]
uploads-vgn.twitch.tv,none,[CloudFlare is off]
userlifecycle-ui.stage.us-west2.twitch.tv,none,[CloudFlare is off]
userresearch.twitch.tv,none,[CloudFlare is off]
usher.twitch.tv,192.108.239.254,[CloudFlare is off]
us-west-2.roundtrip.twitch.tv,none,[CloudFlare is off]
us-west-2.rtmp.moonlight.twitch.tv,50.112.48.194,[CloudFlare is off]
us-west-2.rtmp.stg.moonlight.twitch.tv,52.89.63.223,[CloudFlare is off]
us-west2.twitch.tv,none,[CloudFlare is off]
us-west-2.uploads-regional.twitch.tv,52.25.170.66,[CloudFlare is off]
vca-annotation.twitch.tv,none,[CloudFlare is off]
vca-labelme.twitch.tv,54.185.47.230,[CloudFlare is off]
versus.twitch.tv,151.101.14.167,[CloudFlare is off]
vhs-regions-stages.mobile.nov.rc.twitch.tv,18.157.119.1,[CloudFlare is off]
vhs-registry.internal.twitch.tv,10.196.57.118,[CloudFlare is off]
vi.twitch.tv,151.101.14.167,[CloudFlare is off]
video1.sfo01.hls.twitch.tv,none,[CloudFlare is off]
video10.ams01.hls.twitch.tv,none,[CloudFlare is off]
video10.cdg01.hls.twitch.tv,none,[CloudFlare is off]
video10.iad02.hls.twitch.tv,none,[CloudFlare is off]
video10.sfo01.hls.twitch.tv,none,[CloudFlare is off]
video11.sfo01.hls.twitch.tv,none,[CloudFlare is off]
video12.ams01.hls.twitch.tv,none,[CloudFlare is off]
video12.cdg01.hls.twitch.tv,none,[CloudFlare is off]
video12.sfo01.hls.twitch.tv,none,[CloudFlare is off]
video1-2.sfo01.hls.twitch.tv,none,[CloudFlare is off]
video14.ams01.hls.twitch.tv,none,[CloudFlare is off]
video14.arn01.hls.twitch.tv,none,[CloudFlare is off]
video14.fra01.hls.twitch.tv,none,[CloudFlare is off]
video14.iad02.hls.twitch.tv,none,[CloudFlare is off]
video15.ams01.hls.twitch.tv,none,[CloudFlare is off]
video15.fra01.hls.twitch.tv,none,[CloudFlare is off]
video15.iad02.hls.twitch.tv,none,[CloudFlare is off]
video15.jfk01.hls.twitch.tv,none,[CloudFlare is off]
video16.cdg01.hls.twitch.tv,none,[CloudFlare is off]
video16.iad02.hls.twitch.tv,none,[CloudFlare is off]
video16.lax01.hls.twitch.tv,none,[CloudFlare is off]
video17.sfo01.hls.twitch.tv,none,[CloudFlare is off]
video18.jfk01.hls.twitch.tv,none,[CloudFlare is off]
video18.lhr02.hls.twitch.tv,none,[CloudFlare is off]
video18.sfo01.hls.twitch.tv,none,[CloudFlare is off]
video19.arn01.hls.twitch.tv,none,[CloudFlare is off]
video19.dfw01.hls.twitch.tv,none,[CloudFlare is off]
video19.iad02.hls.twitch.tv,none,[CloudFlare is off]
video19.lax01.hls.twitch.tv,none,[CloudFlare is off]
video19.sfo01.hls.twitch.tv,none,[CloudFlare is off]
video2.sfo01.hls.twitch.tv,none,[CloudFlare is off]
video20.jfk01.hls.twitch.tv,none,[CloudFlare is off]
video20.sfo01.hls.twitch.tv,none,[CloudFlare is off]
video21.arn01.hls.twitch.tv,none,[CloudFlare is off]
video21.sfo01.hls.twitch.tv,none,[CloudFlare is off]
video2-1.sfo01.hls.twitch.tv,none,[CloudFlare is off]
video22.fra01.hls.twitch.tv,none,[CloudFlare is off]
video22.iad02.hls.twitch.tv,none,[CloudFlare is off]
video22.lax01.hls.twitch.tv,none,[CloudFlare is off]
video22.sfo01.hls.twitch.tv,none,[CloudFlare is off]
video2-2.sfo01.hls.twitch.tv,none,[CloudFlare is off]
video23.ams01.hls.twitch.tv,none,[CloudFlare is off]
video23.dfw01.hls.twitch.tv,none,[CloudFlare is off]
video23.jfk01.hls.twitch.tv,none,[CloudFlare is off]
video23.lax01.hls.twitch.tv,none,[CloudFlare is off]
video23.lhr02.hls.twitch.tv,none,[CloudFlare is off]
video24.dfw01.hls.twitch.tv,none,[CloudFlare is off]
video24.iad02.hls.twitch.tv,none,[CloudFlare is off]
video24.sfo01.hls.twitch.tv,none,[CloudFlare is off]
video25.fra01.hls.twitch.tv,none,[CloudFlare is off]
video25.sfo01.hls.twitch.tv,none,[CloudFlare is off]
video26.ams01.hls.twitch.tv,none,[CloudFlare is off]
video26.sfo01.hls.twitch.tv,none,[CloudFlare is off]
video27.arn01.hls.twitch.tv,none,[CloudFlare is off]
video27.sfo01.hls.twitch.tv,none,[CloudFlare is off]
video28.lax01.hls.twitch.tv,none,[CloudFlare is off]
video28.sfo01.hls.twitch.tv,none,[CloudFlare is off]
video3.arn01.hls.twitch.tv,none,[CloudFlare is off]
video3.dfw01.hls.twitch.tv,none,[CloudFlare is off]
video3.sfo01.hls.twitch.tv,none,[CloudFlare is off]
video30.arn01.hls.twitch.tv,none,[CloudFlare is off]
video30-2.sfo01.hls.twitch.tv,none,[CloudFlare is off]
video31.arn01.hls.twitch.tv,none,[CloudFlare is off]
video3-1.sfo01.hls.twitch.tv,none,[CloudFlare is off]
video31-2.sfo01.hls.twitch.tv,none,[CloudFlare is off]
video32-2.sfo01.hls.twitch.tv,none,[CloudFlare is off]
video38.ams01.hls.twitch.tv,none,[CloudFlare is off]
video4.ams01.hls.twitch.tv,none,[CloudFlare is off]
video4.fra01.hls.twitch.tv,none,[CloudFlare is off]
video4.lhr01.hls.twitch.tv,none,[CloudFlare is off]
video4.sfo01.hls.twitch.tv,none,[CloudFlare is off]
video4-1.sfo01.hls.twitch.tv,none,[CloudFlare is off]
video42.ams01.hls.twitch.tv,none,[CloudFlare is off]
video4-2.sfo01.hls.twitch.tv,none,[CloudFlare is off]
video5.fra01.hls.twitch.tv,none,[CloudFlare is off]
video5.mia01.hls.twitch.tv,none,[CloudFlare is off]
video5.sfo01.hls.twitch.tv,none,[CloudFlare is off]
video5-1.sfo01.hls.twitch.tv,none,[CloudFlare is off]
video5-2.sfo01.hls.twitch.tv,none,[CloudFlare is off]
video53.fra01.hls.twitch.tv,none,[CloudFlare is off]
video54.ams01.hls.twitch.tv,none,[CloudFlare is off]
video56.ams01.hls.twitch.tv,none,[CloudFlare is off]
video57.ams01.hls.twitch.tv,none,[CloudFlare is off]
video59.lhr02.hls.twitch.tv,none,[CloudFlare is off]
video6.jfk01.hls.twitch.tv,none,[CloudFlare is off]
video6.lhr01.hls.twitch.tv,none,[CloudFlare is off]
video6.sfo01.hls.twitch.tv,none,[CloudFlare is off]
video63.lhr02.hls.twitch.tv,none,[CloudFlare is off]
video7.arn01.hls.twitch.tv,none,[CloudFlare is off]
video7.dfw01.hls.twitch.tv,none,[CloudFlare is off]
video7.fra01.hls.twitch.tv,none,[CloudFlare is off]
video7.iad02.hls.twitch.tv,none,[CloudFlare is off]
video7.sfo01.hls.twitch.tv,none,[CloudFlare is off]
video7-2.sfo01.hls.twitch.tv,none,[CloudFlare is off]
video8.ams01.hls.twitch.tv,none,[CloudFlare is off]
video8.arn01.hls.twitch.tv,none,[CloudFlare is off]
video8.dfw01.hls.twitch.tv,none,[CloudFlare is off]
video8.jfk01.hls.twitch.tv,none,[CloudFlare is off]
video8.lhr01.hls.twitch.tv,none,[CloudFlare is off]
video8.sfo01.hls.twitch.tv,none,[CloudFlare is off]
video8-1.sfo01.hls.twitch.tv,none,[CloudFlare is off]
video8-2.sfo01.hls.twitch.tv,none,[CloudFlare is off]
video9.sfo01.hls.twitch.tv,none,[CloudFlare is off]
video9-1.sfo01.hls.twitch.tv,none,[CloudFlare is off]
video9-2.sfo01.hls.twitch.tv,none,[CloudFlare is off]
video999.sfo01.hls.twitch.tv,none,[CloudFlare is off]
view.marketing.twitch.tv,13.111.137.99,[CloudFlare is off]
view.sfmarketing.twitch.tv,13.111.18.32,[CloudFlare is off]
visage-origin.twitch.tv,54.245.104.114,[CloudFlare is off]
visage-runscope.twitch.tv,none,[CloudFlare is off]
vizima.twitch.tv,192.108.239.254,[CloudFlare is off]
vizima-test.twitch.tv,192.108.239.254,[CloudFlare is off]
vod.edgecast.hls.twitch.tv,none,[CloudFlare is off]
vod-download.twitch.tv,none,[CloudFlare is off]
vod-metro.twitch.tv,13.227.219.87,[CloudFlare is off]
vod-pop-secure.twitch.tv,13.227.219.70,[CloudFlare is off]
vods.edgecast.hls.twitch.tv,none,[CloudFlare is off]
vod-secure.twitch.tv,13.32.240.60,[CloudFlare is off]
vod-storyboards.twitch.tv,13.32.240.17,[CloudFlare is off]
votey-mcvoteface.twitch.tv,none,[CloudFlare is off]
watch.twitch.tv,67.199.248.13,[CloudFlare is off]
web-cdn.twitch.tv,none,[CloudFlare is off]
web-cdn-ttvnw-net.web-cdn.twitch.tv,none,[CloudFlare is off]
web-client.prod.us-west2.twitch.tv,44.238.53.165,[CloudFlare is off]
web-static-origin.twitch.tv,44.238.53.165,[CloudFlare is off]
websub-test-proxy.twitch.tv,34.214.155.236,[CloudFlare is off]
wwq.rc.twitch.tv,52.59.83.166,[CloudFlare is off]
www.app.twitch.tv,none,[CloudFlare is off]
www.blog.twitch.tv,none,[CloudFlare is off]
www.cis.blog.twitch.tv,13.32.240.74,[CloudFlare is off]
www.cp2.rc.twitch.tv,35.156.107.240,[CloudFlare is off]
www.de.blog.twitch.tv,none,[CloudFlare is off]
www.es.blog.twitch.tv,none,[CloudFlare is off]
www.exed.rc.twitch.tv,18.157.119.1,[CloudFlare is off]
www.fr.blog.twitch.tv,none,[CloudFlare is off]
www.ica.rc.twitch.tv,35.156.107.240,[CloudFlare is off]
www.if.rc.twitch.tv,35.156.107.240,[CloudFlare is off]
www.it.blog.twitch.tv,13.32.240.94,[CloudFlare is off]
www.jp.blog.twitch.tv,none,[CloudFlare is off]
www.kr.blog.twitch.tv,none,[CloudFlare is off]
www.lion.rc.twitch.tv,52.59.83.166,[CloudFlare is off]
www.nl.blog.twitch.tv,none,[CloudFlare is off]
www.pl.blog.twitch.tv,none,[CloudFlare is off]
www.pt.blog.twitch.tv,none,[CloudFlare is off]
www.royal.rc.twitch.tv,52.59.83.166,[CloudFlare is off]
www.safesync.rc.twitch.tv,52.59.83.166,[CloudFlare is off]
www.se.blog.twitch.tv,none,[CloudFlare is off]
www.stash.rc.twitch.tv,52.59.83.166,[CloudFlare is off]
www.streamaid.twitch.tv,13.227.219.80,[CloudFlare is off]
www.th.blog.twitch.tv,none,[CloudFlare is off]
www.tr.blog.twitch.tv,none,[CloudFlare is off]
www.tw.blog.twitch.tv,none,[CloudFlare is off]
www.twitch.tv,151.101.14.167,[CloudFlare is off]
www.wwq.rc.twitch.tv,35.156.107.240,[CloudFlare is off]
www-akamai.twitch.tv,none,[CloudFlare is off]
www-cdn.twitch.tv,none,[CloudFlare is off]
www-cdn-jtvnw-net.web-cdn.twitch.tv,none,[CloudFlare is off]
www-origin.twitch.tv,none,[CloudFlare is off]
www-twitch-tv.web-cdn.twitch.tv,none,[CloudFlare is off]
www-twitch-tv-l3.twitch.tv,none,[CloudFlare is off]
zh-cn.twitch.tv,151.101.14.167,[CloudFlare is off]
zh-tw.twitch.tv,151.101.14.167,[CloudFlare is off]
zu.twitch.tv,151.101.14.167,[CloudFlare is off]
